sharpe_ratio,total_return,annual_return,annual_vol,max_drawdown,win_rate,profit_factor,n_trades
0.21955847952859944,0.0016217190207177192,0.0010318689733965093,0.004699745487452691,-0.005177050815303028,0.5,1.208449576384194,60
-0.2586439123704231,-0.003058402619136905,-0.0019027651387480806,0.007356697945486494,-0.00780888531035706,0.5116279069767442,0.9806508022102599,86
-1.113241856548369,-0.006350417620149965,-0.004007028468437449,0.0035994231126570543,-0.007773058668162684,0.43636363636363634,0.928531049150481,55
