pair,accuracy,auc,precision,recall,n_signals,n_true_signals
ABT-MRK,0.9242424242424242,0.9865946918578498,0.6666666666666666,0.24444444444444446,1.3333333333333333,4.666666666666667
MCD-MRK,0.9166666666666666,0.961001461988304,0.0,0.0,0.0,3.6666666666666665
SCHW-CSCO,0.8484848484848485,0.9107336430507162,0.3333333333333333,0.041666666666666664,0.6666666666666666,6.666666666666667
MCD-ABT,0.9090909090909091,0.9770414348880331,0.5,0.25,2.3333333333333335,4.333333333333333
TGT-UPS,0.7613636363636364,0.7885017421602787,0.125,0.07142857142857142,4.0,8.5
