sharpe_ratio,total_return,annual_return,annual_vol,max_drawdown,win_rate,profit_factor,n_trades
0.7244000288448598,0.0016173499440427985,0.0010190953625640264,0.0014068129789960011,-0.00014822574391962917,1.0,0.0,1
-1.115746984428429,-0.0018616451208379294,-0.0011733748460897187,0.001051649578681865,-0.0018616451208379294,0.5,0.10888083839342157,4
-1.4967490031578665,-0.0029962958411425644,-0.0018896973165968701,0.0012625345416031376,-0.0029962958411425644,0.0,0.0,4
